t_s,x_ned_north,y_ned_east,class,conf,alt_m,drone,hazard_id,status,logged_by,version,n_sightings,spread_m
1790944362.8,6.36,7.43,person,0.68,10.0,0,d0-1,own,0,0,1,0.00
1790944363.2,8.57,70.02,person,0.71,10.0,2,d2-1,peer,0,0,1,0.00
1790944366.6,22.31,29.76,person,0.89,10.0,1,d1-1,peer,0,0,1,0.00
1790944366.6,22.14,29.76,person,0.89,10.0,1,d1-1,peer_update,0,8,9,0.12
1790944377.7,14.74,36.39,person,0.85,10.0,1,d1-2,peer,0,0,1,0.00
1790944377.7,14.79,36.42,person,0.87,10.0,1,d1-2,peer_update,0,7,8,0.08
1790944362.8,5.99,7.56,person,0.77,10.0,0,d0-1,update,0,3,4,0.27
1790944363.2,8.08,70.23,person,0.73,10.0,2,d2-1,peer_update,0,1,2,0.45
1790944362.8,5.91,7.60,person,0.81,10.0,0,d0-1,update,0,9,10,0.19
1790944362.8,5.95,7.48,person,0.83,10.0,0,d0-1,update,0,12,13,0.28
1790944363.2,8.04,70.20,person,0.78,10.0,2,d2-1,peer_update,0,2,3,0.38
1790944389.5,11.03,9.71,person,0.86,10.0,0,d0-2,own,0,0,1,0.00
1790944362.8,5.93,7.40,person,0.87,10.0,0,d0-1,update,0,14,15,0.33
1790944390.7,15.29,38.20,person,0.90,10.0,1,d1-3,peer,0,0,1,0.00
1790944389.5,11.00,9.83,person,0.90,10.0,0,d0-2,update,0,9,10,0.11
1790944363.2,8.05,70.10,person,0.92,10.0,2,d2-1,peer_update,0,12,13,0.22
1790944377.7,14.83,36.39,person,0.87,10.0,1,d1-2,peer_update,0,8,9,0.21
1790944391.1,16.23,11.98,person,0.87,10.0,0,d0-3,own,0,0,1,0.00
1790944390.7,15.06,38.22,person,0.90,10.0,1,d1-3,peer_update,0,6,7,0.16
1790944391.1,16.13,12.02,person,0.88,10.0,0,d0-3,update,0,4,5,0.07
1790944377.7,14.86,36.33,person,0.87,10.0,1,d1-2,peer_update,0,10,11,0.26
1790944401.8,21.13,13.90,person,0.67,10.0,0,d0-4,own,0,0,1,0.00
1790944401.8,20.89,13.99,person,0.87,10.0,0,d0-4,update,0,9,10,0.13
1790944391.1,16.04,11.95,person,0.88,10.0,0,d0-3,update,0,6,7,0.21
1790944404.3,14.49,74.99,person,0.87,10.0,2,d2-2,peer,0,0,1,0.00
1790944391.1,16.02,11.91,person,0.88,10.0,0,d0-3,update,0,8,9,0.21
1790944404.3,14.71,75.07,person,0.87,10.0,2,d2-2,peer_update,0,5,6,0.12
1790944363.2,8.07,70.09,person,0.92,10.0,2,d2-1,peer_update,0,13,14,0.24
1790944363.2,8.07,70.07,person,0.92,10.0,2,d2-1,peer_update,0,14,15,0.24
1790944404.3,14.74,75.03,person,0.87,10.0,2,d2-2,peer_update,0,6,7,0.20
1790944401.8,20.90,13.92,person,0.87,10.0,0,d0-4,update,0,11,12,0.24
1790944404.3,14.87,74.87,person,0.87,10.0,2,d2-2,peer_update,0,13,14,0.26
1790944419.2,25.87,16.17,person,0.80,10.0,0,d0-5,own,0,0,1,0.00
1790944419.2,22.36,80.24,person,0.86,10.0,2,d2-3,peer,0,0,1,0.00
1790944401.8,20.91,13.88,person,0.87,10.0,0,d0-4,update,0,12,13,0.26
1790944419.2,26.01,16.23,person,0.91,10.0,0,d0-5,update,0,9,10,0.12
1790944419.2,22.30,80.24,person,0.86,10.0,2,d2-3,peer_update,0,1,2,0.06
1790944419.2,22.08,79.99,person,0.86,10.0,2,d2-3,peer_update,0,2,3,0.46
1790944419.2,22.00,79.90,person,0.86,10.0,2,d2-3,peer_update,0,3,4,0.46
