t_rx,drone,u,v,img_w,img_h,conf,x,y,z,vx,vy,yaw,roll,pitch,north,east,north_level,east_level,hazard_id,outcome
1790944362.240,0,942.5,49.5,1280,960,0.604,-0.281,1.914,-9.954,3.655,0.030,0.025,-0.012,-0.073,6.437,7.520,7.510,7.692,,below
1790944362.379,0,943.0,77.5,1280,960,0.616,0.181,1.923,-9.961,3.659,0.026,0.020,-0.011,-0.074,6.443,7.501,7.491,7.664,,below
1790944362.699,0,940.5,148.5,1280,960,0.640,1.153,1.943,-9.969,3.678,0.021,0.010,-0.009,-0.072,6.298,7.436,7.215,7.556,,below
1790944362.763,0,940.0,161.5,1280,960,0.679,1.422,1.948,-9.969,3.685,0.020,0.009,-0.009,-0.071,6.365,7.429,7.254,7.538,d0-1,new
1790944363.954,0,1076.0,129.0,1280,960,0.270,5.611,1.987,-9.962,3.738,-0.005,0.005,-0.007,-0.051,11.379,9.919,12.047,10.063,,below
1790944364.096,0,1074.5,157.0,1280,960,0.328,6.190,1.991,-9.964,3.735,-0.006,0.004,-0.007,-0.050,11.486,9.910,12.118,10.033,,below
1790944364.958,0,1071.5,334.5,1280,960,0.437,9.322,1.971,-9.974,3.729,-0.020,0.000,-0.003,-0.048,11.511,9.899,12.008,9.943,,below
1790944365.346,0,1068.0,414.5,1280,960,0.344,10.752,1.962,-9.974,3.731,-0.018,-0.000,-0.003,-0.044,11.524,9.883,11.965,9.867,,below
1790944366.597,0,1059.5,662.5,1280,960,0.371,15.358,1.946,-9.984,3.702,-0.015,-0.001,-0.003,-0.043,11.504,9.885,11.994,9.708,,below
1790944376.301,0,651.0,870.0,1280,960,0.287,27.565,5.773,-10.066,-3.804,-0.014,3.135,0.002,-0.060,35.789,5.522,34.834,5.520,,below
1790944376.562,0,650.0,871.5,1280,960,0.272,26.610,5.807,-10.055,-3.812,0.001,-3.131,0.002,-0.055,34.787,5.721,33.902,5.696,,below
1790944377.220,0,651.0,872.0,1280,960,0.368,24.107,5.893,-10.028,-3.807,-0.000,-3.135,0.011,-0.048,32.153,5.852,31.389,5.740,,below
1790944378.740,0,642.5,881.0,1280,960,0.490,18.307,5.903,-10.004,-3.770,-0.057,-3.130,0.001,-0.042,26.404,5.960,25.737,5.941,,below
1790944379.078,0,639.5,878.5,1280,960,0.262,17.019,5.888,-10.006,-3.760,-0.057,-3.130,0.001,-0.041,25.050,5.996,24.403,5.980,,below
1790944379.933,0,539.5,31.0,1280,960,0.761,13.804,5.855,-9.996,-3.736,-0.057,-3.131,0.001,-0.039,6.107,7.586,5.472,7.627,d0-1,refined
1790944379.933,0,644.5,879.5,1280,960,0.250,13.804,5.855,-9.996,-3.736,-0.057,-3.131,0.001,-0.039,21.819,5.864,21.200,5.851,,below
1790944380.064,0,538.0,45.5,1280,960,0.738,13.253,5.849,-9.996,-3.732,-0.056,-3.131,0.001,-0.039,5.809,7.607,5.189,7.649,d0-1,refined
1790944380.133,0,538.0,52.5,1280,960,0.773,13.040,5.846,-9.996,-3.730,-0.056,-3.131,0.001,-0.039,5.713,7.607,5.105,7.648,d0-1,refined
1790944380.265,0,538.5,85.0,1280,960,0.814,12.491,5.840,-9.996,-3.726,-0.055,-3.130,0.001,-0.039,5.733,7.600,5.158,7.638,d0-1,refined
1790944380.396,0,538.0,116.5,1280,960,0.794,12.035,5.835,-9.997,-3.722,-0.054,-3.130,0.001,-0.039,5.830,7.615,5.284,7.647,d0-1,refined
1790944380.461,0,537.5,133.0,1280,960,0.794,11.730,5.831,-9.997,-3.719,-0.054,-3.130,0.001,-0.039,5.815,7.626,5.284,7.656,d0-1,refined
1790944380.521,0,537.5,148.0,1280,960,0.683,11.578,5.829,-9.998,-3.718,-0.054,-3.130,0.001,-0.038,5.926,7.629,5.409,7.657,d0-1,refined
1790944380.596,0,537.5,164.5,1280,960,0.805,11.274,5.826,-9.998,-3.716,-0.054,-3.130,0.001,-0.039,5.917,7.631,5.410,7.657,d0-1,refined
1790944380.729,0,537.0,195.0,1280,960,0.780,10.757,5.819,-10.000,-3.712,-0.054,-3.130,0.001,-0.038,5.937,7.644,5.458,7.666,d0-1,refined
1790944380.729,0,643.5,882.5,1280,960,0.399,10.757,5.819,-10.000,-3.712,-0.054,-3.130,0.001,-0.038,18.825,5.854,18.212,5.840,,below
1790944380.785,0,537.0,210.5,1280,960,0.441,10.515,5.816,-10.001,-3.710,-0.054,-3.130,0.001,-0.039,5.979,7.645,5.502,7.666,,below
1790944380.852,0,536.5,226.0,1280,960,0.634,10.303,5.813,-10.002,-3.707,-0.055,-3.130,0.001,-0.038,6.035,7.657,5.577,7.676,,below
1790944381.124,0,536.0,286.0,1280,960,0.493,9.250,5.797,-10.004,-3.696,-0.054,-3.130,0.000,-0.039,6.067,7.667,5.634,7.683,,below
1790944381.255,0,536.0,317.0,1280,960,0.379,8.800,5.790,-10.004,-3.692,-0.054,-3.130,0.000,-0.039,6.182,7.670,5.758,7.683,,below
1790944383.098,0,409.5,950.5,1280,960,0.376,1.814,5.681,-9.988,-3.660,-0.041,-3.133,-0.001,-0.038,11.168,10.155,10.482,10.017,,below
1790944383.098,0,404.0,950.5,1280,960,0.343,1.814,5.681,-9.988,-3.660,-0.041,-3.133,-0.001,-0.038,11.167,10.260,10.481,10.119,,below
1790944383.098,0,416.0,951.0,1280,960,0.335,1.814,5.681,-9.988,-3.660,-0.041,-3.133,-0.001,-0.038,11.179,10.031,10.493,9.897,,below
1790944388.306,0,504.0,64.0,1280,960,0.828,-0.803,9.351,-10.036,3.869,-0.052,0.057,0.008,-0.062,6.134,7.241,7.062,7.270,d0-1,refined
1790944388.446,0,507.0,93.0,1280,960,0.811,-0.300,9.358,-10.035,3.868,-0.025,0.029,0.008,-0.060,6.098,7.084,6.962,7.098,d0-1,refined
1790944388.446,0,519.0,80.5,1280,960,0.411,-0.300,9.358,-10.035,3.868,-0.025,0.029,0.008,-0.060,6.305,7.308,7.188,7.328,,below
1790944388.575,0,506.5,123.0,1280,960,0.806,0.144,9.368,-10.034,3.867,-0.005,0.011,0.006,-0.060,5.982,6.983,6.806,6.963,d0-1,refined
1790944388.702,0,503.5,156.0,1280,960,0.867,0.677,9.384,-10.033,3.865,0.014,-0.001,0.001,-0.058,5.928,6.910,6.696,6.842,d0-1,refined
1790944388.836,0,501.0,188.5,1280,960,0.718,1.124,9.399,-10.033,3.864,0.023,-0.004,-0.003,-0.057,5.805,6.898,6.530,6.794,d0-1,refined
1790944389.045,0,498.5,238.0,1280,960,0.515,1.930,9.424,-10.031,3.861,0.027,0.002,-0.010,-0.056,5.767,6.962,6.431,6.802,,below
1790944389.102,0,499.0,254.0,1280,960,0.445,2.170,9.431,-10.031,3.860,0.025,0.005,-0.011,-0.055,5.734,6.998,6.381,6.832,,below
1790944389.236,0,633.5,10.0,1280,960,0.452,2.682,9.443,-10.028,3.858,0.017,0.012,-0.013,-0.054,10.508,9.551,11.412,9.428,,below
1790944389.236,0,637.5,9.5,1280,960,0.283,2.682,9.443,-10.028,3.858,0.017,0.012,-0.013,-0.054,10.517,9.622,11.421,9.503,,below
1790944389.297,0,633.0,17.5,1280,960,0.531,2.833,9.445,-10.027,3.858,0.014,0.014,-0.013,-0.053,10.533,9.562,11.424,9.438,,below
1790944389.502,0,638.0,40.0,1280,960,0.857,3.682,9.453,-10.020,3.855,-0.006,0.023,-0.013,-0.051,11.029,9.709,11.846,9.603,d0-2,new
1790944389.632,0,642.5,59.5,1280,960,0.898,4.108,9.453,-10.015,3.853,-0.016,0.025,-0.011,-0.050,11.132,9.780,11.904,9.693,d0-2,refined
1790944389.698,0,644.5,77.5,1280,960,0.899,4.443,9.451,-10.011,3.851,-0.022,0.025,-0.010,-0.049,11.162,9.795,11.901,9.722,d0-2,refined
1790944389.828,0,649.0,110.0,1280,960,0.888,4.901,9.448,-10.006,3.848,-0.028,0.024,-0.008,-0.048,11.066,9.831,11.752,9.779,d0-2,refined
1790944389.891,0,651.0,125.5,1280,960,0.871,5.114,9.447,-10.005,3.846,-0.030,0.023,-0.006,-0.048,11.009,9.842,11.677,9.801,d0-2,refined
1790944390.029,0,654.0,158.0,1280,960,0.875,5.664,9.444,-10.001,3.842,-0.032,0.019,-0.004,-0.047,11.004,9.843,11.623,9.819,d0-2,refined
1790944390.161,0,656.5,189.5,1280,960,0.832,6.184,9.443,-9.999,3.836,-0.029,0.015,-0.003,-0.047,10.968,9.846,11.558,9.832,d0-2,refined
1790944390.228,0,657.5,206.5,1280,960,0.869,6.429,9.443,-9.997,3.834,-0.028,0.014,-0.003,-0.046,10.924,9.851,11.488,9.836,d0-2,refined
1790944390.284,0,659.0,222.0,1280,960,0.844,6.644,9.444,-9.996,3.832,-0.026,0.012,-0.003,-0.046,10.862,9.867,11.416,9.854,d0-2,refined
1790944390.428,0,662.0,253.5,1280,960,0.830,7.195,9.444,-9.993,3.826,-0.023,0.009,-0.003,-0.045,10.863,9.908,11.383,9.889,d0-2,refined
1790944390.428,0,530.5,502.5,1280,960,0.286,7.195,9.444,-9.993,3.826,-0.023,0.009,-0.003,-0.045,6.344,7.437,6.797,7.414,,below
1790944390.499,0,662.5,270.0,1280,960,0.644,7.502,9.444,-9.991,3.822,-0.022,0.008,-0.003,-0.045,10.875,9.913,11.384,9.890,,below
1790944390.553,0,663.5,285.0,1280,960,0.347,7.655,9.443,-9.989,3.820,-0.022,0.007,-0.004,-0.045,10.758,9.929,11.259,9.904,,below
1790944390.553,0,761.5,11.0,1280,960,0.308,7.655,9.443,-9.989,3.820,-0.022,0.007,-0.004,-0.045,15.560,11.701,16.315,11.753,,below
1790944390.752,0,774.0,34.0,1280,960,0.546,8.420,9.438,-9.984,3.812,-0.024,0.006,-0.004,-0.045,15.935,11.911,16.653,11.963,,below
1790944391.019,0,778.5,79.5,1280,960,0.869,9.494,9.427,-9.980,3.804,-0.027,0.006,-0.003,-0.044,16.234,11.979,16.882,12.030,d0-3,new
1790944391.089,0,780.0,95.5,1280,960,0.884,9.708,9.424,-9.980,3.802,-0.028,0.006,-0.003,-0.044,16.167,12.004,16.800,12.054,d0-3,refined
1790944391.148,0,781.0,111.5,1280,960,0.866,9.953,9.421,-9.979,3.799,-0.028,0.006,-0.003,-0.044,16.134,12.020,16.748,12.069,d0-3,refined
1790944391.148,0,761.0,100.5,1280,960,0.266,9.953,9.421,-9.979,3.799,-0.028,0.006,-0.003,-0.044,16.328,11.659,16.953,11.700,,below
1790944391.353,0,783.5,159.5,1280,960,0.671,10.719,9.410,-9.977,3.793,-0.031,0.007,-0.002,-0.043,16.060,12.055,16.624,12.101,d0-3,refined
1790944391.426,0,784.5,177.0,1280,960,0.792,11.027,9.406,-9.977,3.791,-0.032,0.007,-0.002,-0.042,16.066,12.067,16.608,12.113,d0-3,refined
1790944391.483,0,785.5,192.0,1280,960,0.409,11.242,9.402,-9.977,3.790,-0.032,0.007,-0.001,-0.043,16.014,12.080,16.546,12.126,,below
1790944393.259,0,803.5,601.0,1280,960,0.333,18.035,9.328,-9.993,3.723,-0.014,0.005,-0.000,-0.042,15.339,12.375,15.781,12.343,,below
1790944393.458,0,805.0,644.0,1280,960,0.356,18.792,9.319,-9.991,3.717,-0.013,0.005,0.000,-0.041,15.285,12.392,15.742,12.357,,below
1790944401.778,0,600.0,26.0,1280,960,0.666,28.655,13.130,-10.027,-3.859,0.006,3.138,0.003,-0.055,21.125,13.897,20.226,13.899,d0-4,new
1790944401.846,0,601.5,33.5,1280,960,0.827,28.415,13.137,-10.026,-3.857,0.007,3.137,0.005,-0.055,21.015,13.904,20.128,13.890,d0-4,refined
1790944402.046,0,605.0,60.0,1280,960,0.844,27.663,13.155,-10.022,-3.853,0.001,3.129,0.009,-0.054,20.707,13.952,19.876,13.901,d0-4,refined
1790944402.110,0,605.5,78.0,1280,960,0.869,27.451,13.160,-10.020,-3.852,-0.002,3.127,0.010,-0.053,20.796,13.968,20.001,13.910,d0-4,refined
1790944402.178,0,605.5,94.5,1280,960,0.855,27.148,13.165,-10.018,-3.851,-0.006,3.123,0.010,-0.053,20.773,13.996,20.007,13.934,d0-4,refined
1790944402.241,0,605.5,111.0,1280,960,0.823,26.904,13.170,-10.017,-3.851,-0.010,3.121,0.010,-0.052,20.814,14.009,20.073,13.948,d0-4,refined
1790944402.306,0,605.5,127.5,1280,960,0.805,26.691,13.173,-10.016,-3.850,-0.014,3.120,0.010,-0.051,20.878,14.017,20.168,13.956,d0-4,refined
1790944402.372,0,604.5,144.5,1280,960,0.782,26.447,13.176,-10.015,-3.849,-0.018,3.118,0.010,-0.051,20.927,14.037,20.241,13.979,d0-4,refined
1790944402.503,0,602.5,177.5,1280,960,0.729,25.927,13.181,-10.013,-3.847,-0.025,3.117,0.008,-0.050,20.970,14.063,20.336,14.016,d0-4,refined
1790944402.567,0,602.5,193.0,1280,960,0.689,25.682,13.184,-10.012,-3.846,-0.027,3.117,0.008,-0.049,20.994,14.053,20.379,14.010,d0-4,refined
1790944402.705,0,600.5,225.0,1280,960,0.610,25.161,13.187,-10.010,-3.841,-0.031,3.118,0.006,-0.048,21.026,14.061,20.452,14.030,,below
1790944403.299,0,724.5,57.5,1280,960,0.583,22.854,13.198,-9.999,-3.822,-0.035,3.132,0.002,-0.045,15.724,11.775,15.015,11.710,,below
1790944403.366,0,724.5,73.5,1280,960,0.773,22.607,13.199,-9.999,-3.820,-0.035,3.133,0.002,-0.045,15.753,11.764,15.066,11.701,d0-3,refined
1790944403.434,0,724.5,90.5,1280,960,0.795,22.390,13.200,-9.998,-3.819,-0.034,3.134,0.002,-0.045,15.825,11.754,15.166,11.693,d0-3,refined
1790944403.623,0,724.0,139.0,1280,960,0.510,21.617,13.203,-9.996,-3.813,-0.032,3.136,0.002,-0.044,15.889,11.745,15.294,11.687,,below
1790944403.701,0,723.5,156.0,1280,960,0.654,21.307,13.205,-9.995,-3.810,-0.031,3.136,0.002,-0.043,15.875,11.751,15.300,11.694,d0-3,refined
1790944403.752,0,723.5,172.0,1280,960,0.705,21.152,13.207,-9.995,-3.809,-0.031,3.136,0.002,-0.043,16.000,11.749,15.442,11.692,d0-3,refined
1790944403.886,0,724.0,204.0,1280,960,0.534,20.595,13.211,-9.994,-3.803,-0.029,3.136,0.003,-0.043,16.011,11.740,15.478,11.682,,below
1790944404.027,0,724.0,236.0,1280,960,0.522,20.068,13.216,-9.994,-3.799,-0.027,3.137,0.003,-0.042,16.044,11.743,15.544,11.684,,below
1790944404.091,0,723.0,253.0,1280,960,0.441,19.820,13.219,-9.994,-3.796,-0.026,3.137,0.004,-0.042,16.104,11.763,15.611,11.703,,below
1790944404.149,0,724.0,267.5,1280,960,0.286,19.603,13.222,-9.994,-3.795,-0.025,3.137,0.004,-0.042,16.139,11.746,15.662,11.686,,below
1790944404.220,0,723.0,284.5,1280,960,0.613,19.293,13.226,-9.995,-3.792,-0.024,3.137,0.004,-0.041,16.132,11.767,15.667,11.706,,below
1790944405.006,0,841.0,164.0,1280,960,0.327,16.258,13.233,-9.998,-3.763,-0.040,3.140,0.003,-0.040,10.930,9.633,10.402,9.519,,below
1790944405.737,0,586.0,951.5,1280,960,0.354,13.439,13.200,-9.995,-3.735,-0.046,-3.140,0.000,-0.040,22.901,14.248,22.166,14.210,,below
1790944406.134,0,587.0,949.0,1280,960,0.491,11.979,13.174,-9.991,-3.721,-0.043,-3.141,-0.002,-0.040,21.382,14.183,20.656,14.164,,below
1790944406.134,0,600.0,949.0,1280,960,0.347,11.979,13.174,-9.991,-3.721,-0.043,-3.141,-0.002,-0.040,21.382,13.933,20.656,13.924,,below
1790944406.266,0,707.5,747.5,1280,960,0.386,11.462,13.168,-9.991,-3.716,-0.039,-3.141,-0.002,-0.041,16.937,11.879,16.413,11.923,,below
1790944407.322,0,818.5,689.5,1280,960,0.461,7.414,13.110,-9.983,-3.695,-0.029,3.141,-0.003,-0.038,11.735,9.723,11.284,9.806,,below
1790944408.385,0,809.0,910.0,1280,960,0.299,3.470,13.075,-9.995,-3.661,-0.008,3.137,-0.002,-0.042,12.122,9.773,11.415,9.911,,below
1790944408.836,0,795.0,952.5,1280,960,0.319,1.837,13.059,-9.995,-3.652,-0.004,3.136,-0.004,-0.041,11.333,9.981,10.567,10.137,,below
1790944415.042,0,94.0,277.0,1280,960,0.347,2.725,16.954,-10.005,3.853,-0.002,0.015,-0.010,-0.052,6.012,7.258,6.636,6.893,,below
1790944415.431,0,216.5,73.0,1280,960,0.551,4.150,16.979,-10.003,3.842,-0.016,0.023,-0.010,-0.049,11.061,9.718,11.871,9.311,,below
1790944415.830,0,231.0,159.0,1280,960,0.483,5.679,16.987,-10.000,3.832,-0.031,0.018,-0.006,-0.047,11.106,9.802,11.758,9.518,,below
1790944416.822,0,343.0,85.0,1280,960,0.273,9.505,16.969,-9.981,3.793,-0.033,0.005,-0.003,-0.044,16.174,11.708,16.833,11.514,,below
1790944418.015,0,444.0,68.5,1280,960,0.710,14.025,16.925,-9.992,3.751,-0.035,0.003,-0.000,-0.042,21.003,13.434,21.651,13.321,d0-4,refined
1790944418.083,0,445.0,86.0,1280,960,0.335,14.332,16.923,-9.992,3.749,-0.034,0.003,-0.000,-0.043,20.998,13.441,21.633,13.334,,below
1790944418.083,0,273.5,622.5,1280,960,0.254,14.332,16.923,-9.992,3.749,-0.034,0.003,-0.000,-0.043,11.252,10.054,11.713,10.133,,below
1790944418.145,0,445.5,101.0,1280,960,0.739,14.546,16.921,-9.993,3.747,-0.033,0.003,-0.000,-0.042,20.960,13.442,21.569,13.339,d0-4,refined
1790944418.208,0,446.5,117.5,1280,960,0.787,14.791,16.920,-9.993,3.746,-0.031,0.002,-0.000,-0.042,20.918,13.452,21.509,13.355,d0-4,refined
1790944418.270,0,447.5,133.0,1280,960,0.514,15.006,16.919,-9.993,3.745,-0.030,0.002,-0.000,-0.042,20.852,13.465,21.436,13.371,,below
1790944418.270,0,161.5,920.0,1280,960,0.361,15.006,16.919,-9.993,3.745,-0.030,0.002,-0.000,-0.042,6.157,7.726,6.883,8.044,,below
1790944419.134,0,597.0,36.5,1280,960,0.805,18.307,16.908,-10.002,3.717,-0.022,0.002,-0.002,-0.040,25.867,16.165,26.524,16.125,d0-5,new
1790944419.205,0,597.0,43.0,1280,960,0.883,18.611,16.907,-10.002,3.714,-0.022,0.002,-0.002,-0.041,26.054,16.163,26.708,16.123,d0-5,refined
1790944419.337,0,598.0,65.5,1280,960,0.907,19.127,16.905,-10.003,3.710,-0.022,0.001,-0.002,-0.041,26.176,16.175,26.807,16.137,d0-5,refined
1790944419.401,0,599.5,81.5,1280,960,0.911,19.370,16.904,-10.003,3.708,-0.021,0.001,-0.002,-0.041,26.138,16.199,26.753,16.163,d0-5,refined
1790944419.531,0,601.0,113.5,1280,960,0.902,19.824,16.903,-10.003,3.704,-0.021,0.001,-0.001,-0.041,26.032,16.220,26.615,16.188,d0-5,refined
1790944419.593,0,601.5,128.5,1280,960,0.878,20.035,16.902,-10.003,3.702,-0.021,0.001,-0.001,-0.041,25.975,16.227,26.548,16.195,d0-5,refined
1790944419.737,0,603.0,158.0,1280,960,0.865,20.640,16.900,-10.003,3.697,-0.020,0.001,-0.001,-0.041,26.059,16.249,26.606,16.220,d0-5,refined
1790944419.799,0,603.5,173.0,1280,960,0.857,20.882,16.899,-10.003,3.696,-0.020,0.001,-0.001,-0.041,26.035,16.256,26.570,16.228,d0-5,refined
1790944419.998,0,605.5,220.5,1280,960,0.863,21.637,16.895,-10.004,3.693,-0.020,0.001,-0.001,-0.043,25.923,16.285,26.445,16.259,d0-5,refined
1790944420.128,0,607.0,252.0,1280,960,0.814,22.090,16.892,-10.005,3.692,-0.020,0.001,-0.001,-0.042,25.825,16.305,26.315,16.283,d0-5,refined
1790944420.329,0,610.0,296.0,1280,960,0.636,22.844,16.885,-10.006,3.689,-0.022,0.000,-0.001,-0.041,25.804,16.345,26.254,16.330,,below
1790944427.191,0,635.5,867.5,1280,960,0.288,30.417,20.563,-10.051,-3.803,0.031,3.113,0.020,-0.060,38.599,20.623,37.630,20.445,,below
1790944428.773,0,1048.5,258.5,1280,960,0.263,24.521,20.670,-10.021,-3.792,0.010,-3.138,0.004,-0.049,21.015,13.275,20.436,13.074,,below
1790944429.767,0,1173.0,182.0,1280,960,0.337,20.737,20.736,-10.012,-3.771,-0.015,-3.141,0.003,-0.045,15.808,11.145,15.213,10.851,,below
1790944430.812,0,865.5,952.5,1280,960,0.294,16.765,20.757,-10.006,-3.740,-0.022,-3.137,0.002,-0.042,26.301,16.482,25.540,16.616,,below
1790944430.812,0,878.5,952.5,1280,960,0.273,16.765,20.757,-10.006,-3.740,-0.022,-3.137,0.002,-0.042,26.302,16.232,25.541,16.375,,below
1790944431.816,0,177.0,953.0,1280,960,0.378,12.902,20.749,-9.998,-3.713,-0.037,-3.136,0.000,-0.041,22.358,29.709,21.609,29.375,,below
1790944431.816,0,166.5,953.0,1280,960,0.290,12.902,20.749,-9.998,-3.713,-0.037,-3.136,0.000,-0.041,22.357,29.911,21.608,29.569,,below
1790944432.007,0,654.5,877.5,1280,960,0.255,12.205,20.742,-9.994,-3.707,-0.038,-3.135,-0.001,-0.041,20.216,20.509,19.564,20.519,,below
1790944432.137,0,1005.5,952.5,1280,960,0.272,11.750,20.737,-9.992,-3.704,-0.037,-3.135,-0.001,-0.041,21.293,13.763,20.537,14.029,,below
1790944432.137,0,998.5,952.0,1280,960,0.258,11.750,20.737,-9.992,-3.704,-0.037,-3.135,-0.001,-0.041,21.282,13.898,20.527,14.158,,below
1790944433.457,0,1101.0,951.5,1280,960,0.470,6.705,20.677,-9.999,-3.676,-0.033,-3.137,-0.002,-0.041,16.244,11.827,15.478,12.182,,below
1790944433.457,0,1092.5,951.0,1280,960,0.364,6.705,20.677,-9.999,-3.676,-0.033,-3.137,-0.002,-0.041,16.233,11.992,15.468,12.340,,below
1790944433.457,0,1105.0,951.5,1280,960,0.359,6.705,20.677,-9.999,-3.676,-0.033,-3.137,-0.002,-0.041,16.245,11.750,15.479,12.108,,below
1790944433.847,0,643.0,880.0,1280,960,0.445,5.272,20.654,-9.997,-3.663,-0.031,-3.137,-0.003,-0.041,13.340,20.601,12.678,20.630,,below
1790944434.845,0,1190.0,953.0,1280,960,0.313,1.577,20.601,-9.990,-3.638,-0.018,-3.141,-0.005,-0.044,11.182,9.903,10.330,10.426,,below
1790944446.788,0,17.5,925.5,1280,960,0.505,25.028,24.365,-10.001,3.674,-0.002,0.003,-0.002,-0.041,16.121,12.436,16.811,12.810,,below
1790944452.987,0,638.0,869.0,1280,960,0.332,30.750,28.004,-10.038,-3.802,0.045,3.129,0.019,-0.061,38.961,28.143,37.982,27.957,,below
1790944453.321,0,532.0,29.5,1280,960,0.686,29.500,28.030,-10.037,-3.803,-0.003,3.096,0.012,-0.059,22.164,30.406,21.226,30.417,d1-1,seen
1790944453.396,0,527.0,36.5,1280,960,0.564,29.209,28.034,-10.036,-3.804,-0.008,3.097,0.010,-0.059,21.991,30.460,21.066,30.498,,below
1790944453.458,0,643.5,867.0,1280,960,0.304,29.004,28.038,-10.035,-3.804,-0.011,3.100,0.008,-0.059,37.125,27.709,36.188,27.670,,below
1790944453.642,0,520.0,85.0,1280,960,0.302,28.329,28.050,-10.034,-3.804,-0.012,3.113,0.002,-0.057,21.898,30.402,21.056,30.492,,below
1790944453.777,0,518.5,118.5,1280,960,0.674,27.886,28.059,-10.033,-3.805,-0.008,3.124,-0.001,-0.056,21.990,30.335,21.213,30.444,d1-1,seen
1790944453.777,0,645.0,871.5,1280,960,0.274,27.886,28.059,-10.033,-3.805,-0.008,3.124,-0.001,-0.056,36.049,27.815,35.158,27.829,,below
1790944453.854,0,518.5,135.5,1280,960,0.582,27.591,28.067,-10.033,-3.805,-0.004,3.129,-0.001,-0.055,21.975,30.307,21.218,30.404,,below
1790944453.986,0,520.5,168.5,1280,960,0.606,27.088,28.083,-10.032,-3.802,0.005,3.139,-0.002,-0.054,22.010,30.236,21.308,30.321,,below
1790944454.049,0,522.0,183.0,1280,960,0.641,26.851,28.090,-10.031,-3.801,0.009,-3.141,-0.001,-0.054,22.018,30.207,21.333,30.281,,below
1790944454.108,0,524.0,199.5,1280,960,0.268,26.644,28.098,-10.030,-3.800,0.013,-3.139,-0.001,-0.053,22.087,30.176,21.427,30.239,,below
1790944454.173,0,525.5,215.5,1280,960,0.285,26.406,28.106,-10.029,-3.799,0.016,-3.137,-0.000,-0.053,22.125,30.161,21.483,30.210,,below
1790944454.376,0,530.5,262.0,1280,960,0.254,25.600,28.135,-10.027,-3.795,0.022,-3.135,0.003,-0.052,22.129,30.133,21.538,30.141,,below
1790944455.965,0,546.0,625.0,1280,960,0.269,19.598,28.234,-10.007,-3.768,-0.018,-3.139,0.001,-0.044,22.754,30.022,22.280,29.984,,below
1790944456.424,0,1265.0,897.0,1280,960,0.262,17.850,28.247,-10.010,-3.752,-0.019,-3.137,0.002,-0.042,26.304,16.340,25.629,16.692,,below
1790944456.488,0,551.0,742.0,1280,960,0.284,17.605,28.249,-10.011,-3.749,-0.020,-3.137,0.002,-0.042,22.991,29.976,22.456,29.919,,below
1790944457.279,0,550.5,947.5,1280,960,0.305,14.642,28.262,-10.006,-3.725,-0.026,-3.137,0.002,-0.042,24.059,30.052,23.297,29.964,,below
1790944457.279,0,556.5,908.5,1280,960,0.268,14.642,28.262,-10.006,-3.725,-0.026,-3.137,0.002,-0.042,23.282,29.928,22.575,29.849,,below
1790944457.343,0,557.0,913.5,1280,960,0.333,14.338,28.262,-10.005,-3.721,-0.027,-3.136,0.002,-0.041,23.067,29.918,22.363,29.842,,below
1790944457.677,0,572.5,946.5,1280,960,0.445,13.033,28.260,-10.003,-3.710,-0.029,-3.136,0.001,-0.042,22.436,29.630,21.668,29.564,,below
1790944457.677,0,559.5,946.0,1280,960,0.300,13.033,28.260,-10.003,-3.710,-0.029,-3.136,0.001,-0.042,22.425,29.881,21.657,29.804,,below
1790944457.747,0,574.0,951.5,1280,960,0.568,12.821,28.259,-10.003,-3.709,-0.029,-3.135,0.001,-0.042,22.315,29.602,21.548,29.536,,below
1790944457.747,0,561.5,951.5,1280,960,0.376,12.821,28.259,-10.003,-3.709,-0.029,-3.135,0.001,-0.042,22.313,29.843,21.547,29.768,,below
1790944459.522,0,222.5,948.5,1280,960,0.372,6.093,28.200,-10.010,-3.666,-0.037,-3.135,-0.001,-0.041,15.476,36.282,14.731,35.994,,below
1790944459.522,0,229.0,948.5,1280,960,0.318,6.093,28.200,-10.010,-3.666,-0.037,-3.135,-0.001,-0.041,15.477,36.157,14.732,35.874,,below
1790944460.122,0,647.0,883.5,1280,960,0.443,3.849,28.164,-10.007,-3.658,-0.038,-3.136,-0.003,-0.041,11.995,28.044,11.328,28.078,,below
1790944460.259,0,648.0,881.5,1280,960,0.252,3.343,28.155,-10.006,-3.654,-0.038,-3.136,-0.003,-0.042,11.460,28.010,10.784,28.047,,below
